country,year,aqi
Alemania,2025,104.42222222222222
España,2025,105.4888888888889
Finlandia,2025,105.10833333333333
Francia,2025,105.76388888888889
Italia,2025,105.03333333333333
Polonia,2025,104.29166666666667
Reino Unido,2025,103.04444444444445
Suecia,2025,102.39166666666667
Suiza,2025,105.72222222222223
