country,aqi_medio,mediciones
Suecia,102.39166666666667,360
Reino Unido,103.04444444444445,360
Polonia,104.29166666666667,360
Alemania,104.42222222222222,360
Italia,105.03333333333333,360
Finlandia,105.10833333333333,360
España,105.4888888888889,360
Suiza,105.72222222222223,360
Francia,105.76388888888889,360
